"PreSens Measurement Studio 2","3.0.3.1703",""
"Date","Time","Channel","User","SensorID","Sensor_Name","delta_t","Time_Unit","Value","O2_Unit","Mode","Phase","Phase_Unit","Amplitude","Amplitude_Unit","Temp","Temp_Unit","Pressure","Pressure_Unit","Salinity","Salinity_Unit","Error","Cal0","Cal0_Unit","T0","T0_Unit","O2Cal2nd","O2_Unit","Cal2nd","Cal2nd_Unit","T2nd","T2nd_Unit","CalPressure","CalPressure_Unit","f1","dPhi1","dkSv1","dPhi2","dkSv2","m","Cal_Mode","SignalLEDCurrent","User_Signal_Intensity","ReferenceLEDCurrent","Reference_Amplitude","Device_Serial","FwVersion","SwVersion","Sensor_Type","BatchID","Calibration_Date","Sensor_Lot","PreSens_Calibr","Battery_Voltage","Battery_Voltage_Unit"
"05/29/2023","17:56:27","1","default","331420650","OXY_CH1","0.000","min","208.456","μmol/L","Humid","20.745","deg","120043","µV","26.974","°C","1015.000","hPa","35.0","pmil","0","55.750","deg","20.000","°C","100.000","%a.s.","22.390","deg","20.000","°C","971.000","hPa","0.861","-0.02617","0.00035","0","0","13.56","Humid","28.35","0","58.10","248864.87","SABD0002000014","AAV2.0.0.13","3.0.3.1703","PSt7-10","180726-003","9/13/2019 10:45:43 AM","0000-00","0","no battery","V"
"05/29/2023","17:56:28","1","default","331420650","OXY_CH1","0.016","min","208.530","μmol/L","Humid","20.741","deg","120005","µV","26.974","°C","1015.000","hPa","35.0","pmil","0","55.750","deg","20.000","°C","100.000","%a.s.","22.390","deg","20.000","°C","971.000","hPa","0.861","-0.02617","0.00035","0","0","13.56","Humid","28.35","0","58.10","248813.16","SABD0002000014","AAV2.0.0.13","3.0.3.1703","PSt7-10","180726-003","9/13/2019 10:45:43 AM","0000-00","0","no battery","V"
"05/29/2023","17:56:29","1","default","331420650","OXY_CH1","0.033","min","208.511","μmol/L","Humid","20.742","deg","119971","µV","26.974","°C","1015.000","hPa","35.0","pmil","0","55.750","deg","20.000","°C","100.000","%a.s.","22.390","deg","20.000","°C","971.000","hPa","0.861","-0.02617","0.00035","0","0","13.56","Humid","28.35","0","58.10","248778.38","SABD0002000014","AAV2.0.0.13","3.0.3.1703","PSt7-10","180726-003","9/13/2019 10:45:43 AM","0000-00","0","no battery","V"
"05/29/2023","17:56:30","1","default","331420650","OXY_CH1","0.049","min","208.530","μmol/L","Humid","20.741","deg","119949","µV","26.974","°C","1015.000","hPa","35.0","pmil","0","55.750","deg","20.000","°C","100.000","%a.s.","22.390","deg","20.000","°C","971.000","hPa","0.861","-0.02617","0.00035","0","0","13.56","Humid","28.35","0","58.10","248756.02","SABD0002000014","AAV2.0.0.13","3.0.3.1703","PSt7-10","180726-003","9/13/2019 10:45:43 AM","0000-00","0","no battery","V"
"05/29/2023","17:56:31","1","default","331420650","OXY_CH1","0.066","min","208.530","μmol/L","Humid","20.741","deg","119931","µV","26.974","°C","1015.000","hPa","35.0","pmil","0","55.750","deg","20.000","°C","100.000","%a.s.","22.390","deg","20.000","°C","971.000","hPa","0.861","-0.02617","0.00035","0","0","13.56","Humid","28.35","0","58.10","248735.57","SABD0002000014","AAV2.0.0.13","3.0.3.1703","PSt7-10","180726-003","9/13/2019 10:45:43 AM","0000-00","0","no battery","V"
"05/29/2023","17:56:32","1","default","331420650","OXY_CH1","0.083","min","208.549","μmol/L","Humid","20.742","deg","119927","µV","26.968","°C","1015.000","hPa","35.0","pmil","0","55.750","deg","20.000","°C","100.000","%a.s.","22.390","deg","20.000","°C","971.000","hPa","0.861","-0.02617","0.00035","0","0","13.56","Humid","28.35","0","58.10","248721.53","SABD0002000014","AAV2.0.0.13","3.0.3.1703","PSt7-10","180726-003","9/13/2019 10:45:43 AM","0000-00","0","no battery","V"
"05/29/2023","17:56:33","1","default","331420650","OXY_CH1","0.099","min","208.623","μmol/L","Humid","20.736","deg","119909","µV","26.974","°C","1015.000","hPa","35.0","pmil","0","55.750","deg","20.000","°C","100.000","%a.s.","22.390","deg","20.000","°C","971.000","hPa","0.861","-0.02617","0.00035","0","0","13.56","Humid","28.35","0","58.10","248712.80","SABD0002000014","AAV2.0.0.13","3.0.3.1703","PSt7-10","180726-003","9/13/2019 10:45:43 AM","0000-00","0","no battery","V"
"05/29/2023","17:56:34","1","default","331420650","OXY_CH1","0.116","min","208.604","μmol/L","Humid","20.737","deg","119909","µV","26.974","°C","1015.000","hPa","35.0","pmil","0","55.750","deg","20.000","°C","100.000","%a.s.","22.390","deg","20.000","°C","971.000","hPa","0.861","-0.02617","0.00035","0","0","13.56","Humid","28.35","0","58.10","248710.05","SABD0002000014","AAV2.0.0.13","3.0.3.1703","PSt7-10","180726-003","9/13/2019 10:45:43 AM","0000-00","0","no battery","V"
"05/29/2023","17:56:35","1","default","331420650","OXY_CH1","0.133","min","208.586","μmol/L","Humid","20.738","deg","119892","µV","26.974","°C","1015.000","hPa","35.0","pmil","0","55.750","deg","20.000","°C","100.000","%a.s.","22.390","deg","20.000","°C","971.000","hPa","0.861","-0.02617","0.00035","0","0","13.56","Humid","28.35","0","58.10","248698.18","SABD0002000014","AAV2.0.0.13","3.0.3.1703","PSt7-10","180726-003","9/13/2019 10:45:43 AM","0000-00","0","no battery","V"
"05/29/2023","17:56:36","1","default","331420650","OXY_CH1","0.149","min","208.604","μmol/L","Humid","20.737","deg","119893","µV","26.974","°C","1015.000","hPa","35.0","pmil","0","55.750","deg","20.000","°C","100.000","%a.s.","22.390","deg","20.000","°C","971.000","hPa","0.861","-0.02617","0.00035","0","0","13.56","Humid","28.35","0","58.10","248697.62","SABD0002000014","AAV2.0.0.13","3.0.3.1703","PSt7-10","180726-003","9/13/2019 10:45:43 AM","0000-00","0","no battery","V"
"05/29/2023","17:56:37","1","default","331420650","OXY_CH1","0.166","min","208.586","μmol/L","Humid","20.738","deg","119879","µV","26.974","°C","1015.000","hPa","35.0","pmil","0","55.750","deg","20.000","°C","100.000","%a.s.","22.390","deg","20.000","°C","971.000","hPa","0.861","-0.02617","0.00035","0","0","13.56","Humid","28.35","0","58.10","248704.18","SABD0002000014","AAV2.0.0.13","3.0.3.1703","PSt7-10","180726-003","9/13/2019 10:45:43 AM","0000-00","0","no battery","V"
"05/29/2023","17:56:38","1","default","331420650","OXY_CH1","0.183","min","208.604","μmol/L","Humid","20.735","deg","119874","µV","26.981","°C","1015.000","hPa","35.0","pmil","0","55.750","deg","20.000","°C","100.000","%a.s.","22.390","deg","20.000","°C","971.000","hPa","0.861","-0.02617","0.00035","0","0","13.56","Humid","28.35","0","58.10","248707.43","SABD0002000014","AAV2.0.0.13","3.0.3.1703","PSt7-10","180726-003","9/13/2019 10:45:43 AM","0000-00","0","no battery","V"
"05/29/2023","17:56:39","1","default","331420650","OXY_CH1","0.199","min","208.717","μmol/L","Humid","20.733","deg","119873","µV","26.968","°C","1015.000","hPa","35.0","pmil","0","55.750","deg","20.000","°C","100.000","%a.s.","22.390","deg","20.000","°C","971.000","hPa","0.861","-0.02617","0.00035","0","0","13.56","Humid","28.35","0","58.10","248704.99","SABD0002000014","AAV2.0.0.13","3.0.3.1703","PSt7-10","180726-003","9/13/2019 10:45:43 AM","0000-00","0","no battery","V"
"05/29/2023","17:56:40","1","default","331420650","OXY_CH1","0.216","min","208.567","μmol/L","Humid","20.739","deg","119869","µV","26.974","°C","1015.000","hPa","35.0","pmil","0","55.750","deg","20.000","°C","100.000","%a.s.","22.390","deg","20.000","°C","971.000","hPa","0.861","-0.02617","0.00035","0","0","13.56","Humid","28.35","0","58.10","248698.27","SABD0002000014","AAV2.0.0.13","3.0.3.1703","PSt7-10","180726-003","9/13/2019 10:45:43 AM","0000-00","0","no battery","V"
"05/29/2023","17:56:41","1","default","331420650","OXY_CH1","0.232","min","208.586","μmol/L","Humid","20.738","deg","119855","µV","26.974","°C","1015.000","hPa","35.0","pmil","0","55.750","deg","20.000","°C","100.000","%a.s.","22.390","deg","20.000","°C","971.000","hPa","0.861","-0.02617","0.00035","0","0","13.56","Humid","28.35","0","58.10","248694.75","SABD0002000014","AAV2.0.0.13","3.0.3.1703","PSt7-10","180726-003","9/13/2019 10:45:43 AM","0000-00","0","no battery","V"
"05/29/2023","17:56:42","1","default","331420650","OXY_CH1","0.249","min","208.622","μmol/L","Humid","20.734","deg","119861","µV","26.981","°C","1015.000","hPa","35.0","pmil","0","55.750","deg","20.000","°C","100.000","%a.s.","22.390","deg","20.000","°C","971.000","hPa","0.861","-0.02617","0.00035","0","0","13.56","Humid","28.35","0","58.10","248697.07","SABD0002000014","AAV2.0.0.13","3.0.3.1703","PSt7-10","180726-003","9/13/2019 10:45:43 AM","0000-00","0","no battery","V"
"05/29/2023","17:56:43","1","default","331420650","OXY_CH1","0.266","min","208.697","μmol/L","Humid","20.732","deg","119850","µV","26.974","°C","1015.000","hPa","35.0","pmil","0","55.750","deg","20.000","°C","100.000","%a.s.","22.390","deg","20.000","°C","971.000","hPa","0.861","-0.02617","0.00035","0","0","13.56","Humid","28.35","0","58.10","248687.89","SABD0002000014","AAV2.0.0.13","3.0.3.1703","PSt7-10","180726-003","9/13/2019 10:45:43 AM","0000-00","0","no battery","V"
"05/29/2023","17:56:44","1","default","331420650","OXY_CH1","0.283","min","208.623","μmol/L","Humid","20.736","deg","119850","µV","26.974","°C","1015.000","hPa","35.0","pmil","0","55.750","deg","20.000","°C","100.000","%a.s.","22.390","deg","20.000","°C","971.000","hPa","0.861","-0.02617","0.00035","0","0","13.56","Humid","28.35","0","58.10","248693.74","SABD0002000014","AAV2.0.0.13","3.0.3.1703","PSt7-10","180726-003","9/13/2019 10:45:43 AM","0000-00","0","no battery","V"
"05/29/2023","17:56:45","1","default","331420650","OXY_CH1","0.299","min","208.679","μmol/L","Humid","20.733","deg","119832","µV","26.974","°C","1015.000","hPa","35.0","pmil","0","55.750","deg","20.000","°C","100.000","%a.s.","22.390","deg","20.000","°C","971.000","hPa","0.861","-0.02617","0.00035","0","0","13.56","Humid","28.35","0","58.10","248693.15","SABD0002000014","AAV2.0.0.13","3.0.3.1703","PSt7-10","180726-003","9/13/2019 10:45:43 AM","0000-00","0","no battery","V"
"05/29/2023","17:56:46","1","default","331420650","OXY_CH1","0.316","min","208.659","μmol/L","Humid","20.732","deg","119832","µV","26.981","°C","1015.000","hPa","35.0","pmil","0","55.750","deg","20.000","°C","100.000","%a.s.","22.390","deg","20.000","°C","971.000","hPa","0.861","-0.02617","0.00035","0","0","13.56","Humid","28.35","0","58.10","248687.64","SABD0002000014","AAV2.0.0.13","3.0.3.1703","PSt7-10","180726-003","9/13/2019 10:45:43 AM","0000-00","0","no battery","V"
"05/29/2023","17:56:47","1","default","331420650","OXY_CH1","0.332","min","208.604","μmol/L","Humid","20.737","deg","119830","µV","26.974","°C","1015.000","hPa","35.0","pmil","0","55.750","deg","20.000","°C","100.000","%a.s.","22.390","deg","20.000","°C","971.000","hPa","0.861","-0.02617","0.00035","0","0","13.56","Humid","28.35","0","58.10","248697.80","SABD0002000014","AAV2.0.0.13","3.0.3.1703","PSt7-10","180726-003","9/13/2019 10:45:43 AM","0000-00","0","no battery","V"
"05/29/2023","17:56:48","1","default","331420650","OXY_CH1","0.349","min","208.717","μmol/L","Humid","20.733","deg","119828","µV","26.968","°C","1015.000","hPa","35.0","pmil","0","55.750","deg","20.000","°C","100.000","%a.s.","22.390","deg","20.000","°C","971.000","hPa","0.861","-0.02617","0.00035","0","0","13.56","Humid","28.35","0","58.10","248691.89","SABD0002000014","AAV2.0.0.13","3.0.3.1703","PSt7-10","180726-003","9/13/2019 10:45:43 AM","0000-00","0","no battery","V"
"05/29/2023","17:56:49","1","default","331420650","OXY_CH1","0.366","min","208.754","μmol/L","Humid","20.731","deg","119821","µV","26.968","°C","1015.000","hPa","35.0","pmil","0","55.750","deg","20.000","°C","100.000","%a.s.","22.390","deg","20.000","°C","971.000","hPa","0.861","-0.02617","0.00035","0","0","13.56","Humid","28.35","0","58.10","248692.23","SABD0002000014","AAV2.0.0.13","3.0.3.1703","PSt7-10","180726-003","9/13/2019 10:45:43 AM","0000-00","0","no battery","V"
"05/29/2023","17:56:50","1","default","331420650","OXY_CH1","0.382","min","208.697","μmol/L","Humid","20.732","deg","119810","µV","26.974","°C","1015.000","hPa","35.0","pmil","0","55.750","deg","20.000","°C","100.000","%a.s.","22.390","deg","20.000","°C","971.000","hPa","0.861","-0.02617","0.00035","0","0","13.56","Humid","28.35","0","58.10","248685.03","SABD0002000014","AAV2.0.0.13","3.0.3.1703","PSt7-10","180726-003","9/13/2019 10:45:43 AM","0000-00","0","no battery","V"
"05/29/2023","17:56:51","1","default","331420650","OXY_CH1","0.399","min","208.772","μmol/L","Humid","20.728","deg","119814","µV","26.974","°C","1015.000","hPa","35.0","pmil","0","55.750","deg","20.000","°C","100.000","%a.s.","22.390","deg","20.000","°C","971.000","hPa","0.861","-0.02617","0.00035","0","0","13.56","Humid","28.35","0","58.10","248685.27","SABD0002000014","AAV2.0.0.13","3.0.3.1703","PSt7-10","180726-003","9/13/2019 10:45:43 AM","0000-00","0","no battery","V"
"05/29/2023","17:56:52","1","default","331420650","OXY_CH1","0.416","min","208.734","μmol/L","Humid","20.730","deg","119804","µV","26.974","°C","1015.000","hPa","35.0","pmil","0","55.750","deg","20.000","°C","100.000","%a.s.","22.390","deg","20.000","°C","971.000","hPa","0.861","-0.02617","0.00035","0","0","13.56","Humid","28.35","0","58.10","248683.62","SABD0002000014","AAV2.0.0.13","3.0.3.1703","PSt7-10","180726-003","9/13/2019 10:45:43 AM","0000-00","0","no battery","V"
"05/29/2023","17:56:53","1","default","331420650","OXY_CH1","0.433","min","208.715","μmol/L","Humid","20.729","deg","119799","µV","26.981","°C","1015.000","hPa","35.0","pmil","0","55.750","deg","20.000","°C","100.000","%a.s.","22.390","deg","20.000","°C","971.000","hPa","0.861","-0.02617","0.00035","0","0","13.56","Humid","28.35","0","58.10","248685.82","SABD0002000014","AAV2.0.0.13","3.0.3.1703","PSt7-10","180726-003","9/13/2019 10:45:43 AM","0000-00","0","no battery","V"
"05/29/2023","17:56:54","1","default","331420650","OXY_CH1","0.450","min","208.754","μmol/L","Humid","20.731","deg","119792","µV","26.968","°C","1015.000","hPa","35.0","pmil","0","55.750","deg","20.000","°C","100.000","%a.s.","22.390","deg","20.000","°C","971.000","hPa","0.861","-0.02617","0.00035","0","0","13.56","Humid","28.35","0","58.10","248679.05","SABD0002000014","AAV2.0.0.13","3.0.3.1703","PSt7-10","180726-003","9/13/2019 10:45:43 AM","0000-00","0","no battery","V"
"05/29/2023","17:56:55","1","default","331420650","OXY_CH1","0.466","min","208.697","μmol/L","Humid","20.732","deg","119794","µV","26.974","°C","1015.000","hPa","35.0","pmil","0","55.750","deg","20.000","°C","100.000","%a.s.","22.390","deg","20.000","°C","971.000","hPa","0.861","-0.02617","0.00035","0","0","13.56","Humid","28.35","0","58.10","248667.77","SABD0002000014","AAV2.0.0.13","3.0.3.1703","PSt7-10","180726-003","9/13/2019 10:45:43 AM","0000-00","0","no battery","V"
"05/29/2023","17:56:56","1","default","331420650","OXY_CH1","0.483","min","208.790","μmol/L","Humid","20.727","deg","119791","µV","26.974","°C","1015.000","hPa","35.0","pmil","0","55.750","deg","20.000","°C","100.000","%a.s.","22.390","deg","20.000","°C","971.000","hPa","0.861","-0.02617","0.00035","0","0","13.56","Humid","28.35","0","58.10","248679.75","SABD0002000014","AAV2.0.0.13","3.0.3.1703","PSt7-10","180726-003","9/13/2019 10:45:43 AM","0000-00","0","no battery","V"
"05/29/2023","17:56:57","1","default","331420650","OXY_CH1","0.499","min","208.772","μmol/L","Humid","20.730","deg","119782","µV","26.968","°C","1015.000","hPa","35.0","pmil","0","55.750","deg","20.000","°C","100.000","%a.s.","22.390","deg","20.000","°C","971.000","hPa","0.861","-0.02617","0.00035","0","0","13.56","Humid","28.35","0","58.10","248669.12","SABD0002000014","AAV2.0.0.13","3.0.3.1703","PSt7-10","180726-003","9/13/2019 10:45:43 AM","0000-00","0","no battery","V"
"05/29/2023","17:56:58","1","default","331420650","OXY_CH1","0.516","min","208.829","μmol/L","Humid","20.729","deg","119786","µV","26.962","°C","1015.000","hPa","35.0","pmil","0","55.750","deg","20.000","°C","100.000","%a.s.","22.390","deg","20.000","°C","971.000","hPa","0.861","-0.02617","0.00035","0","0","13.56","Humid","28.35","0","58.10","248676.70","SABD0002000014","AAV2.0.0.13","3.0.3.1703","PSt7-10","180726-003","9/13/2019 10:45:43 AM","0000-00","0","no battery","V"
"05/29/2023","17:56:59","1","default","331420650","OXY_CH1","0.533","min","208.828","μmol/L","Humid","20.727","deg","119776","µV","26.968","°C","1015.000","hPa","35.0","pmil","0","55.750","deg","20.000","°C","100.000","%a.s.","22.390","deg","20.000","°C","971.000","hPa","0.861","-0.02617","0.00035","0","0","13.56","Humid","28.35","0","58.10","248666.75","SABD0002000014","AAV2.0.0.13","3.0.3.1703","PSt7-10","180726-003","9/13/2019 10:45:43 AM","0000-00","0","no battery","V"
"05/29/2023","17:57:00","1","default","331420650","OXY_CH1","0.550","min","208.810","μmol/L","Humid","20.728","deg","119789","µV","26.968","°C","1015.000","hPa","35.0","pmil","0","55.750","deg","20.000","°C","100.000","%a.s.","22.390","deg","20.000","°C","971.000","hPa","0.861","-0.02617","0.00035","0","0","13.56","Humid","28.35","0","58.10","248675.84","SABD0002000014","AAV2.0.0.13","3.0.3.1703","PSt7-10","180726-003","9/13/2019 10:45:43 AM","0000-00","0","no battery","V"
"05/29/2023","17:57:01","1","default","331420650","OXY_CH1","0.566","min","208.735","μmol/L","Humid","20.732","deg","119775","µV","26.968","°C","1015.000","hPa","35.0","pmil","0","55.750","deg","20.000","°C","100.000","%a.s.","22.390","deg","20.000","°C","971.000","hPa","0.861","-0.02617","0.00035","0","0","13.56","Humid","28.35","0","58.10","248668.17","SABD0002000014","AAV2.0.0.13","3.0.3.1703","PSt7-10","180726-003","9/13/2019 10:45:43 AM","0000-00","0","no battery","V"
"05/29/2023","17:57:02","1","default","331420650","OXY_CH1","0.583","min","208.810","μmol/L","Humid","20.728","deg","119780","µV","26.968","°C","1015.000","hPa","35.0","pmil","0","55.750","deg","20.000","°C","100.000","%a.s.","22.390","deg","20.000","°C","971.000","hPa","0.861","-0.02617","0.00035","0","0","13.56","Humid","28.35","0","58.10","248657.65","SABD0002000014","AAV2.0.0.13","3.0.3.1703","PSt7-10","180726-003","9/13/2019 10:45:43 AM","0000-00","0","no battery","V"
"05/29/2023","17:57:03","1","default","331420650","OXY_CH1","0.599","min","208.829","μmol/L","Humid","20.729","deg","119766","µV","26.962","°C","1015.000","hPa","35.0","pmil","0","55.750","deg","20.000","°C","100.000","%a.s.","22.390","deg","20.000","°C","971.000","hPa","0.861","-0.02617","0.00035","0","0","13.56","Humid","28.35","0","58.10","248657.20","SABD0002000014","AAV2.0.0.13","3.0.3.1703","PSt7-10","180726-003","9/13/2019 10:45:43 AM","0000-00","0","no battery","V"
"05/29/2023","17:57:04","1","default","331420650","OXY_CH1","0.616","min","208.772","μmol/L","Humid","20.728","deg","119765","µV","26.974","°C","1015.000","hPa","35.0","pmil","0","55.750","deg","20.000","°C","100.000","%a.s.","22.390","deg","20.000","°C","971.000","hPa","0.861","-0.02617","0.00035","0","0","13.56","Humid","28.35","0","58.10","248662.82","SABD0002000014","AAV2.0.0.13","3.0.3.1703","PSt7-10","180726-003","9/13/2019 10:45:43 AM","0000-00","0","no battery","V"
"05/29/2023","17:57:05","1","default","331420650","OXY_CH1","0.632","min","208.716","μmol/L","Humid","20.731","deg","119767","µV","26.974","°C","1015.000","hPa","35.0","pmil","0","55.750","deg","20.000","°C","100.000","%a.s.","22.390","deg","20.000","°C","971.000","hPa","0.861","-0.02617","0.00035","0","0","13.56","Humid","28.35","0","58.10","248653.99","SABD0002000014","AAV2.0.0.13","3.0.3.1703","PSt7-10","180726-003","9/13/2019 10:45:43 AM","0000-00","0","no battery","V"
"05/29/2023","17:57:06","1","default","331420650","OXY_CH1","0.650","min","208.716","μmol/L","Humid","20.731","deg","119771","µV","26.974","°C","1015.000","hPa","35.0","pmil","0","55.750","deg","20.000","°C","100.000","%a.s.","22.390","deg","20.000","°C","971.000","hPa","0.861","-0.02617","0.00035","0","0","13.56","Humid","28.35","0","58.10","248669.00","SABD0002000014","AAV2.0.0.13","3.0.3.1703","PSt7-10","180726-003","9/13/2019 10:45:43 AM","0000-00","0","no battery","V"
"05/29/2023","17:57:07","1","default","331420650","OXY_CH1","0.666","min","208.754","μmol/L","Humid","20.731","deg","119760","µV","26.968","°C","1015.000","hPa","35.0","pmil","0","55.750","deg","20.000","°C","100.000","%a.s.","22.390","deg","20.000","°C","971.000","hPa","0.861","-0.02617","0.00035","0","0","13.56","Humid","28.35","0","58.10","248653.36","SABD0002000014","AAV2.0.0.13","3.0.3.1703","PSt7-10","180726-003","9/13/2019 10:45:43 AM","0000-00","0","no battery","V"
"05/29/2023","17:57:08","1","default","331420650","OXY_CH1","0.683","min","208.810","μmol/L","Humid","20.730","deg","119769","µV","26.962","°C","1015.000","hPa","35.0","pmil","0","55.750","deg","20.000","°C","100.000","%a.s.","22.390","deg","20.000","°C","971.000","hPa","0.861","-0.02617","0.00035","0","0","13.56","Humid","28.35","0","58.10","248661.60","SABD0002000014","AAV2.0.0.13","3.0.3.1703","PSt7-10","180726-003","9/13/2019 10:45:43 AM","0000-00","0","no battery","V"
"05/29/2023","17:57:09","1","default","331420650","OXY_CH1","0.700","min","208.734","μmol/L","Humid","20.730","deg","119770","µV","26.974","°C","1015.000","hPa","35.0","pmil","0","55.750","deg","20.000","°C","100.000","%a.s.","22.390","deg","20.000","°C","971.000","hPa","0.861","-0.02617","0.00035","0","0","13.56","Humid","28.35","0","58.10","248659.68","SABD0002000014","AAV2.0.0.13","3.0.3.1703","PSt7-10","180726-003","9/13/2019 10:45:43 AM","0000-00","0","no battery","V"
"05/29/2023","17:57:10","1","default","331420650","OXY_CH1","0.716","min","208.734","μmol/L","Humid","20.730","deg","119764","µV","26.974","°C","1015.000","hPa","35.0","pmil","0","55.750","deg","20.000","°C","100.000","%a.s.","22.390","deg","20.000","°C","971.000","hPa","0.861","-0.02617","0.00035","0","0","13.56","Humid","28.35","0","58.10","248654.60","SABD0002000014","AAV2.0.0.13","3.0.3.1703","PSt7-10","180726-003","9/13/2019 10:45:43 AM","0000-00","0","no battery","V"
"05/29/2023","17:57:11","1","default","331420650","OXY_CH1","0.733","min","208.735","μmol/L","Humid","20.732","deg","119763","µV","26.968","°C","1015.000","hPa","35.0","pmil","0","55.750","deg","20.000","°C","100.000","%a.s.","22.390","deg","20.000","°C","971.000","hPa","0.861","-0.02617","0.00035","0","0","13.56","Humid","28.35","0","58.10","248648.26","SABD0002000014","AAV2.0.0.13","3.0.3.1703","PSt7-10","180726-003","9/13/2019 10:45:43 AM","0000-00","0","no battery","V"
"05/29/2023","17:57:12","1","default","331420650","OXY_CH1","0.749","min","208.829","μmol/L","Humid","20.729","deg","119756","µV","26.962","°C","1015.000","hPa","35.0","pmil","0","55.750","deg","20.000","°C","100.000","%a.s.","22.390","deg","20.000","°C","971.000","hPa","0.861","-0.02617","0.00035","0","0","13.56","Humid","28.35","0","58.10","248636.00","SABD0002000014","AAV2.0.0.13","3.0.3.1703","PSt7-10","180726-003","9/13/2019 10:45:43 AM","0000-00","0","no battery","V"
"05/29/2023","17:57:13","1","default","331420650","OXY_CH1","0.766","min","208.828","μmol/L","Humid","20.727","deg","119764","µV","26.968","°C","1015.000","hPa","35.0","pmil","0","55.750","deg","20.000","°C","100.000","%a.s.","22.390","deg","20.000","°C","971.000","hPa","0.861","-0.02617","0.00035","0","0","13.56","Humid","28.35","0","58.10","248647.51","SABD0002000014","AAV2.0.0.13","3.0.3.1703","PSt7-10","180726-003","9/13/2019 10:45:43 AM","0000-00","0","no battery","V"
"05/29/2023","17:57:14","1","default","331420650","OXY_CH1","0.782","min","208.735","μmol/L","Humid","20.732","deg","119755","µV","26.968","°C","1015.000","hPa","35.0","pmil","0","55.750","deg","20.000","°C","100.000","%a.s.","22.390","deg","20.000","°C","971.000","hPa","0.861","-0.02617","0.00035","0","0","13.56","Humid","28.35","0","58.10","248650.20","SABD0002000014","AAV2.0.0.13","3.0.3.1703","PSt7-10","180726-003","9/13/2019 10:45:43 AM","0000-00","0","no battery","V"
"05/29/2023","17:57:15","1","default","331420650","OXY_CH1","0.799","min","208.810","μmol/L","Humid","20.730","deg","119753","µV","26.962","°C","1015.000","hPa","35.0","pmil","0","55.750","deg","20.000","°C","100.000","%a.s.","22.390","deg","20.000","°C","971.000","hPa","0.861","-0.02617","0.00035","0","0","13.56","Humid","28.35","0","58.10","248633.58","SABD0002000014","AAV2.0.0.13","3.0.3.1703","PSt7-10","180726-003","9/13/2019 10:45:43 AM","0000-00","0","no battery","V"
"05/29/2023","17:57:16","1","default","331420650","OXY_CH1","0.816","min","208.772","μmol/L","Humid","20.730","deg","119755","µV","26.968","°C","1015.000","hPa","35.0","pmil","0","55.750","deg","20.000","°C","100.000","%a.s.","22.390","deg","20.000","°C","971.000","hPa","0.861","-0.02617","0.00035","0","0","13.56","Humid","28.35","0","58.10","248651.53","SABD0002000014","AAV2.0.0.13","3.0.3.1703","PSt7-10","180726-003","9/13/2019 10:45:43 AM","0000-00","0","no battery","V"
"05/29/2023","17:57:17","1","default","331420650","OXY_CH1","0.833","min","208.848","μmol/L","Humid","20.728","deg","119758","µV","26.962","°C","1015.000","hPa","35.0","pmil","0","55.750","deg","20.000","°C","100.000","%a.s.","22.390","deg","20.000","°C","971.000","hPa","0.861","-0.02617","0.00035","0","0","13.56","Humid","28.35","0","58.10","248648.00","SABD0002000014","AAV2.0.0.13","3.0.3.1703","PSt7-10","180726-003","9/13/2019 10:45:43 AM","0000-00","0","no battery","V"
"05/29/2023","17:57:18","1","default","331420650","OXY_CH1","0.849","min","208.848","μmol/L","Humid","20.728","deg","119746","µV","26.962","°C","1015.000","hPa","35.0","pmil","0","55.750","deg","20.000","°C","100.000","%a.s.","22.390","deg","20.000","°C","971.000","hPa","0.861","-0.02617","0.00035","0","0","13.56","Humid","28.35","0","58.10","248626.30","SABD0002000014","AAV2.0.0.13","3.0.3.1703","PSt7-10","180726-003","9/13/2019 10:45:43 AM","0000-00","0","no battery","V"
"05/29/2023","17:57:19","1","default","331420650","OXY_CH1","0.867","min","208.829","μmol/L","Humid","20.729","deg","119748","µV","26.962","°C","1015.000","hPa","35.0","pmil","0","55.750","deg","20.000","°C","100.000","%a.s.","22.390","deg","20.000","°C","971.000","hPa","0.861","-0.02617","0.00035","0","0","13.56","Humid","28.35","0","58.10","248643.04","SABD0002000014","AAV2.0.0.13","3.0.3.1703","PSt7-10","180726-003","9/13/2019 10:45:43 AM","0000-00","0","no battery","V"
"05/29/2023","17:57:20","1","default","331420650","OXY_CH1","0.883","min","208.791","μmol/L","Humid","20.729","deg","119746","µV","26.968","°C","1015.000","hPa","35.0","pmil","0","55.750","deg","20.000","°C","100.000","%a.s.","22.390","deg","20.000","°C","971.000","hPa","0.861","-0.02617","0.00035","0","0","13.56","Humid","28.35","0","58.10","248637.92","SABD0002000014","AAV2.0.0.13","3.0.3.1703","PSt7-10","180726-003","9/13/2019 10:45:43 AM","0000-00","0","no battery","V"
"05/29/2023","17:57:21","1","default","331420650","OXY_CH1","0.899","min","208.735","μmol/L","Humid","20.732","deg","119750","µV","26.968","°C","1015.000","hPa","35.0","pmil","0","55.750","deg","20.000","°C","100.000","%a.s.","22.390","deg","20.000","°C","971.000","hPa","0.861","-0.02617","0.00035","0","0","13.56","Humid","28.35","0","58.10","248624.31","SABD0002000014","AAV2.0.0.13","3.0.3.1703","PSt7-10","180726-003","9/13/2019 10:45:43 AM","0000-00","0","no battery","V"
"05/29/2023","17:57:22","1","default","331420650","OXY_CH1","0.916","min","208.772","μmol/L","Humid","20.730","deg","119743","µV","26.968","°C","1015.000","hPa","35.0","pmil","0","55.750","deg","20.000","°C","100.000","%a.s.","22.390","deg","20.000","°C","971.000","hPa","0.861","-0.02617","0.00035","0","0","13.56","Humid","28.35","0","58.10","248630.60","SABD0002000014","AAV2.0.0.13","3.0.3.1703","PSt7-10","180726-003","9/13/2019 10:45:43 AM","0000-00","0","no battery","V"
"05/29/2023","17:57:23","1","default","331420650","OXY_CH1","0.933","min","208.716","μmol/L","Humid","20.731","deg","119736","µV","26.974","°C","1015.000","hPa","35.0","pmil","0","55.750","deg","20.000","°C","100.000","%a.s.","22.390","deg","20.000","°C","971.000","hPa","0.861","-0.02617","0.00035","0","0","13.56","Humid","28.35","0","58.10","248632.80","SABD0002000014","AAV2.0.0.13","3.0.3.1703","PSt7-10","180726-003","9/13/2019 10:45:43 AM","0000-00","0","no battery","V"
"05/29/2023","17:57:24","1","default","331420650","OXY_CH1","0.950","min","208.754","μmol/L","Humid","20.731","deg","119742","µV","26.968","°C","1015.000","hPa","35.0","pmil","0","55.750","deg","20.000","°C","100.000","%a.s.","22.390","deg","20.000","°C","971.000","hPa","0.861","-0.02617","0.00035","0","0","13.56","Humid","28.35","0","58.10","248630.97","SABD0002000014","AAV2.0.0.13","3.0.3.1703","PSt7-10","180726-003","9/13/2019 10:45:43 AM","0000-00","0","no battery","V"
"05/29/2023","17:57:25","1","default","331420650","OXY_CH1","0.966","min","208.736","μmol/L","Humid","20.734","deg","119741","µV","26.962","°C","1015.000","hPa","35.0","pmil","0","55.750","deg","20.000","°C","100.000","%a.s.","22.390","deg","20.000","°C","971.000","hPa","0.861","-0.02617","0.00035","0","0","13.56","Humid","28.35","0","58.10","248620.73","SABD0002000014","AAV2.0.0.13","3.0.3.1703","PSt7-10","180726-003","9/13/2019 10:45:43 AM","0000-00","0","no battery","V"
"05/29/2023","17:57:26","1","default","331420650","OXY_CH1","0.982","min","208.773","μmol/L","Humid","20.732","deg","119739","µV","26.962","°C","1015.000","hPa","35.0","pmil","0","55.750","deg","20.000","°C","100.000","%a.s.","22.390","deg","20.000","°C","971.000","hPa","0.861","-0.02617","0.00035","0","0","13.56","Humid","28.35","0","58.10","248618.81","SABD0002000014","AAV2.0.0.13","3.0.3.1703","PSt7-10","180726-003","9/13/2019 10:45:43 AM","0000-00","0","no battery","V"
"05/29/2023","17:57:27","1","default","331420650","OXY_CH1","0.999","min","208.717","μmol/L","Humid","20.735","deg","119733","µV","26.962","°C","1015.000","hPa","35.0","pmil","0","55.750","deg","20.000","°C","100.000","%a.s.","22.390","deg","20.000","°C","971.000","hPa","0.861","-0.02617","0.00035","0","0","13.56","Humid","28.35","0","58.10","248617.99","SABD0002000014","AAV2.0.0.13","3.0.3.1703","PSt7-10","180726-003","9/13/2019 10:45:43 AM","0000-00","0","no battery","V"
"05/29/2023","17:57:28","1","default","331420650","OXY_CH1","1.016","min","208.735","μmol/L","Humid","20.732","deg","119735","µV","26.968","°C","1015.000","hPa","35.0","pmil","0","55.750","deg","20.000","°C","100.000","%a.s.","22.390","deg","20.000","°C","971.000","hPa","0.861","-0.02617","0.00035","0","0","13.56","Humid","28.35","0","58.10","248598.36","SABD0002000014","AAV2.0.0.13","3.0.3.1703","PSt7-10","180726-003","9/13/2019 10:45:43 AM","0000-00","0","no battery","V"
"05/29/2023","17:57:29","1","default","331420650","OXY_CH1","1.033","min","208.810","μmol/L","Humid","20.730","deg","119744","µV","26.962","°C","1015.000","hPa","35.0","pmil","0","55.750","deg","20.000","°C","100.000","%a.s.","22.390","deg","20.000","°C","971.000","hPa","0.861","-0.02617","0.00035","0","0","13.56","Humid","28.35","0","58.10","248614.36","SABD0002000014","AAV2.0.0.13","3.0.3.1703","PSt7-10","180726-003","9/13/2019 10:45:43 AM","0000-00","0","no battery","V"
"05/29/2023","17:57:30","1","default","331420650","OXY_CH1","1.050","min","208.680","μmol/L","Humid","20.737","deg","119741","µV","26.962","°C","1015.000","hPa","35.0","pmil","0","55.750","deg","20.000","°C","100.000","%a.s.","22.390","deg","20.000","°C","971.000","hPa","0.861","-0.02617","0.00035","0","0","13.56","Humid","28.35","0","58.10","248623.72","SABD0002000014","AAV2.0.0.13","3.0.3.1703","PSt7-10","180726-003","9/13/2019 10:45:43 AM","0000-00","0","no battery","V"
"05/29/2023","17:57:31","1","default","331420650","OXY_CH1","1.066","min","208.717","μmol/L","Humid","20.735","deg","119744","µV","26.962","°C","1015.000","hPa","35.0","pmil","0","55.750","deg","20.000","°C","100.000","%a.s.","22.390","deg","20.000","°C","971.000","hPa","0.861","-0.02617","0.00035","0","0","13.56","Humid","28.35","0","58.10","248624.62","SABD0002000014","AAV2.0.0.13","3.0.3.1703","PSt7-10","180726-003","9/13/2019 10:45:43 AM","0000-00","0","no battery","V"

"Date","Time","delta_t","Device_Serial","Channel","User","Annotation"
